"{""original"":{""url"":""https:\/\/cdn.salla.sa\/yrlRO\/n6krLvaDrBxESyN2yK8WG7J74G9sNp5KGLtSFIcA.jpg"",""width"":0,""height"":0},""standard_resolution"":{""url"":""https:\/\/cdn.salla.sa\/yrlRO\/iT7gawjoFVvrXolwo4QV4s06n4TWlaUz0d0Jrneg.jpg"",""width"":1000,""height"":825.6880733944954},""low_resolution"":{""url"":""https:\/\/cdn.salla.sa\/yrlRO\/3aHKCrJVcsiSRZLtUwBn50Oftp0lJhV1cfO6R6xg.jpg"",""width"":500,""height"":412.8440366972477},""thumbnail"":{""url"":""https:\/\/cdn.salla.sa\/yrlRO\/riET03nfOO5h5CaTGB3kSSrf6ERukJyxIe2yOhkR.jpg"",""width"":120,""height"":99.08256880733946}}"
"{""original"":{""url"":""https:\/\/cdn.salla.sa\/yrlRO\/if8rXdhIS2FeVonCbaZpiCjXRgSwcCn5pKbLTjuA.png"",""width"":0,""height"":0},""standard_resolution"":{""url"":""https:\/\/cdn.salla.sa\/yrlRO\/8Kahp8vYl5b4fVng8jqKI3NejiE2AhELKE4MedHG.png"",""width"":1000,""height"":889.8148148148148},""low_resolution"":{""url"":""https:\/\/cdn.salla.sa\/yrlRO\/6i03XzOssJrRtvtdahMBkXhXNysJkb1wbcQmTPS4.png"",""width"":500,""height"":444.9074074074074},""thumbnail"":{""url"":""https:\/\/cdn.salla.sa\/yrlRO\/hzd40qAWLZLyM2xBA4w5kiMdZbfjN9eKYGcJBY5v.png"",""width"":120,""height"":106.77777777777777}}"
"{""original"":{""url"":""https:\/\/cdn.salla.sa\/yrlRO\/BdSN8GrWBYYCOFfOb34wyIL8FAWBCFHSbPZ84ceu.png"",""width"":0,""height"":0},""standard_resolution"":{""url"":""https:\/\/cdn.salla.sa\/yrlRO\/CmIXXpKi3eW3aiAZ3PIsaKAtT4UJ1ZuHeX9p5dTJ.png"",""width"":1000,""height"":1000},""low_resolution"":{""url"":""https:\/\/cdn.salla.sa\/yrlRO\/fW4wOtIRLzk5lpgE4Hg11p1JsbRNJ3LR3EUZGZtI.png"",""width"":500,""height"":500},""thumbnail"":{""url"":""https:\/\/cdn.salla.sa\/yrlRO\/DQ2HckI6f4BsSgT6Be1txkT8OdLqWCoou9NK89zb.png"",""width"":119.99999999999999,""height"":119.99999999999999}}"
"{""original"":{""url"":""https:\/\/cdn.salla.sa\/yrlRO\/YbxWOJzsWF6phvTie2Og1N16hJamKJiS2QpckhDG.jpg"",""width"":0,""height"":0},""standard_resolution"":{""url"":""https:\/\/cdn.salla.sa\/yrlRO\/4ckilOPiC6SLgHPEiUPOCxvTPISKoyDXaxniziz6.jpg"",""width"":1000,""height"":825.6410256410256},""low_resolution"":{""url"":""https:\/\/cdn.salla.sa\/yrlRO\/zxpArZx0m5UO53DQ1F2g7xzG193mnl2qrGFXB0sU.jpg"",""width"":500,""height"":412.8205128205128},""thumbnail"":{""url"":""https:\/\/cdn.salla.sa\/yrlRO\/5vfDHkaaPEiis21qwrs7jQZznhmNukKCaXC2JGqp.jpg"",""width"":120,""height"":99.07692307692308}}"
"{""original"":{""url"":""https:\/\/cdn.salla.sa\/yrlRO\/84BDqDGo03E5ag05ODrG0xfasnA4PeYBD1wkiaki.jpg"",""width"":0,""height"":0},""standard_resolution"":{""url"":""https:\/\/cdn.salla.sa\/yrlRO\/BlJLWhjbZFaSAT7OIQJbDJIJIch121U3adWLzKwN.jpg"",""width"":1000.0000000000001,""height"":826.9525267993874},""low_resolution"":{""url"":""https:\/\/cdn.salla.sa\/yrlRO\/DgyX8FbkxvB9eWEJFqj2vXWScpoGiUZtqrVDVOVF.jpg"",""width"":500.00000000000006,""height"":413.4762633996937},""thumbnail"":{""url"":""https:\/\/cdn.salla.sa\/yrlRO\/a1kdOZpaUx9JlKZoynm6l9KmwaklQdq4XzkFT3VW.jpg"",""width"":120,""height"":99.23430321592649}}"
"{""original"":{""url"":""https:\/\/cdn.salla.sa\/yrlRO\/FkyBQErJhcFNNo49JLarIqXMv3WFKTI866FIh2jE.jpg"",""width"":0,""height"":0},""standard_resolution"":{""url"":""https:\/\/cdn.salla.sa\/yrlRO\/x1x5qjVc0pAqpPMSvMWjsPbgk7CksGIzLAKl7qqV.jpg"",""width"":1000,""height"":825.6880733944954},""low_resolution"":{""url"":""https:\/\/cdn.salla.sa\/yrlRO\/Nz2SE3bsNXY327nVCfD7VhOL0TIXSA1eJl0XtXgq.jpg"",""width"":500,""height"":412.8440366972477},""thumbnail"":{""url"":""https:\/\/cdn.salla.sa\/yrlRO\/4rX0KhaqPMOr4V0y04Ad3HwK4pEkVuva4DXoBYSM.jpg"",""width"":120,""height"":99.08256880733946}}"
"{""original"":{""url"":""https:\/\/cdn.salla.sa\/yrlRO\/7qFhuB4rWwL8tMTbpNPFIJo8u6XOtTWGnSSRVk5q.jpg"",""width"":0,""height"":0},""standard_resolution"":{""url"":""https:\/\/cdn.salla.sa\/yrlRO\/yywM4VKpf6Ro4KFNH6Cv4UR0Z4qRYq1E0LYseufn.jpg"",""width"":1000,""height"":825},""low_resolution"":{""url"":""https:\/\/cdn.salla.sa\/yrlRO\/Yan25K0trbsOtFj3T2G7rzMjFC8KOdkrtWUBNWd5.jpg"",""width"":500,""height"":412.5},""thumbnail"":{""url"":""https:\/\/cdn.salla.sa\/yrlRO\/t2HD6DmsAdPMLWUwdJg3BHUw0ariZmwYhvcIA1QR.jpg"",""width"":120,""height"":99}}"
"{""original"":{""url"":""https:\/\/cdn.salla.sa\/yrlRO\/anj9S16wgTcPPrfGy73rHnDyukyX8fk1phDq5J77.jpg"",""width"":0,""height"":0},""standard_resolution"":{""url"":""https:\/\/cdn.salla.sa\/yrlRO\/40jdn40g76Vz0N2IPb1HSeQJcCssra7vsyGYuiDI.jpg"",""width"":1000,""height"":825},""low_resolution"":{""url"":""https:\/\/cdn.salla.sa\/yrlRO\/PyCmJMxEQaX4iGC1yfTVJ5XhMNBM4MLEyfC2aj3W.jpg"",""width"":500,""height"":412.5},""thumbnail"":{""url"":""https:\/\/cdn.salla.sa\/yrlRO\/4wSlZzjB6Z4cfnb9iDGJo11WsEOG4j5dVz4jkMOz.jpg"",""width"":120,""height"":99}}"
"{""original"":{""url"":""https:\/\/cdn.salla.sa\/yrlRO\/ULVajx70j1I7Ihh2X07v7q0xQip1bVZEjVKPNNCx.jpg"",""width"":0,""height"":0},""standard_resolution"":{""url"":""https:\/\/cdn.salla.sa\/yrlRO\/HiFx1AKLqOvW3qCIF3mopJOlXaxEM0xXCGaB2V7X.jpg"",""width"":1000,""height"":1000},""low_resolution"":{""url"":""https:\/\/cdn.salla.sa\/yrlRO\/cN4PbErct7JoCgqYsJIo1f1cAa2y38NiqhUnRSTc.jpg"",""width"":500,""height"":500},""thumbnail"":{""url"":""https:\/\/cdn.salla.sa\/yrlRO\/Lpu9y6XN1VUrg1OapvWGlpARPsdM77OZDxKNfyIw.jpg"",""width"":120.00000000000001,""height"":120.00000000000001}}"
"{""original"":{""url"":""https:\/\/cdn.salla.sa\/yrlRO\/gqmDdkbeS2mBDkwPg9cBQ6mAgX7F0pnzJ2eraDPT.png"",""width"":0,""height"":0},""standard_resolution"":{""url"":""https:\/\/cdn.salla.sa\/yrlRO\/IQQiKSavRu38Widf9gvQSiHsCER3sGXfyutqnmcA.png"",""width"":1000,""height"":889.8148148148148},""low_resolution"":{""url"":""https:\/\/cdn.salla.sa\/yrlRO\/uh2bJhPyIMZKdfWDQpCcYQqLBltNSxOZsai5f8ZG.png"",""width"":500,""height"":444.9074074074074},""thumbnail"":{""url"":""https:\/\/cdn.salla.sa\/yrlRO\/TqJxO6GfxkMQ218YP82siLiFFL0IrXSoYvPLYvDu.png"",""width"":120,""height"":106.77777777777777}}"
"{""original"":{""url"":""https:\/\/cdn.salla.sa\/yrlRO\/VdjdUtJtSvlKmilL3JVFO49mPH8GsDn1BntjTUyt.jpg"",""width"":0,""height"":0},""standard_resolution"":{""url"":""https:\/\/cdn.salla.sa\/yrlRO\/MpTDSIVqN0CJ0Y1tSrCHneukpeknl7Ggxgtb36SC.jpg"",""width"":1000,""height"":825},""low_resolution"":{""url"":""https:\/\/cdn.salla.sa\/yrlRO\/zFd4FddguacLlQWJaJ9wIq3kl2CKGbm8ziHb79CJ.jpg"",""width"":500,""height"":412.5},""thumbnail"":{""url"":""https:\/\/cdn.salla.sa\/yrlRO\/XRvkGYlI2Sap5ehyza0Se6fCJwwqATZnLNjBKIFk.jpg"",""width"":120,""height"":99}}"
"{""original"":{""url"":""https:\/\/cdn.salla.sa\/yrlRO\/wut8GdHHmc7CW6t428sWog4UHhTJHMIKcGYr1tti.jpg"",""width"":0,""height"":0},""standard_resolution"":{""url"":""https:\/\/cdn.salla.sa\/yrlRO\/T54wgxwAPvtCjAFI9qsEJsPlH8Fn7nTdyjUiuJoZ.jpg"",""width"":1000,""height"":825.0572956455309},""low_resolution"":{""url"":""https:\/\/cdn.salla.sa\/yrlRO\/NwsqmLouyrtzggsHzpzSEixn7dtsHJp0PhZBQJIX.jpg"",""width"":500,""height"":412.52864782276544},""thumbnail"":{""url"":""https:\/\/cdn.salla.sa\/yrlRO\/yrOvG6Kk6NzItMMNQWOZomWMVcFh1JvawZIwziLg.jpg"",""width"":120,""height"":99.00687547746372}}"
"{""original"":{""url"":""https:\/\/cdn.salla.sa\/yrlRO\/VGEwXIYgpJAlwCct5FnGAFSE6gzH1THHT04lXsZ2.jpg"",""width"":0,""height"":0},""standard_resolution"":{""url"":""https:\/\/cdn.salla.sa\/yrlRO\/gdZT54yuJgU9RfWX54m7cSOvM6PB5NTWsEHZflz8.jpg"",""width"":1000,""height"":825},""low_resolution"":{""url"":""https:\/\/cdn.salla.sa\/yrlRO\/zOyF4hhR5rxZ684tWVvblMDF6h2WWfUs6F6DmQGv.jpg"",""width"":500,""height"":412.5},""thumbnail"":{""url"":""https:\/\/cdn.salla.sa\/yrlRO\/sNqQfaTBuE8m7qSV5cC7sRkyTPfXZKcTBLRbyPx3.jpg"",""width"":120,""height"":99}}"
"{""original"":{""url"":""https:\/\/cdn.salla.sa\/yrlRO\/kHbBZbCJHp8Z6CGuH2BKZGTjTODOSXNEkuTZchoN.jpg"",""width"":0,""height"":0},""standard_resolution"":{""url"":""https:\/\/cdn.salla.sa\/yrlRO\/mmBpiIQKuGSEbLrYJalwG3lMA9GIbo7uHMqr4xeW.jpg"",""width"":1000,""height"":825},""low_resolution"":{""url"":""https:\/\/cdn.salla.sa\/yrlRO\/D704Qv0OFXvJiluXFU2bu4xwYtzZEa2a1PYgwZlN.jpg"",""width"":500,""height"":412.5},""thumbnail"":{""url"":""https:\/\/cdn.salla.sa\/yrlRO\/yP7iVUYCdvW3kTCzu2MxB0ar0P472QdC1rv4LDZt.jpg"",""width"":120,""height"":99}}"
"{""original"":{""url"":""https:\/\/cdn.salla.sa\/yrlRO\/bbnlbujMpz4Ny2gg9JBv2own9nasWQehOZxcfO2d.jpg"",""width"":0,""height"":0},""standard_resolution"":{""url"":""https:\/\/cdn.salla.sa\/yrlRO\/6t4BpzuUGVWFiZiud4FzIr1HFuxeoXMFh9PcefKC.jpg"",""width"":1000,""height"":824},""low_resolution"":{""url"":""https:\/\/cdn.salla.sa\/yrlRO\/Ias1REVLcO4jwE1CPqH57vPJdRSxROyfdoim3maW.jpg"",""width"":500,""height"":412},""thumbnail"":{""url"":""https:\/\/cdn.salla.sa\/yrlRO\/gQ5RkFUZM1BaQYsw8BD05nM8TlwajrCCNEzofF8G.jpg"",""width"":120,""height"":98.88}}"
"{""original"":{""url"":""https:\/\/cdn.salla.sa\/yrlRO\/FQ7NXOFpsH3WZl7gX9CvhhEIlSq384HIGRtoBY3H.jpg"",""width"":0,""height"":0},""standard_resolution"":{""url"":""https:\/\/cdn.salla.sa\/yrlRO\/ifmUNgFuIN5a63kRiRdotIAruo6vdyfNUUd6y9LT.jpg"",""width"":1000,""height"":824.3761996161228},""low_resolution"":{""url"":""https:\/\/cdn.salla.sa\/yrlRO\/2cuYRdbcgjFCKnW9SR7I6T6vQDpydJkPGdSHIKQz.jpg"",""width"":500,""height"":412.1880998080614},""thumbnail"":{""url"":""https:\/\/cdn.salla.sa\/yrlRO\/5aLY7LhWZ8e2PngX4LXoNv0dMMr9amEVNkQHFIu8.jpg"",""width"":120,""height"":98.92514395393475}}"
"{""original"":{""url"":""https:\/\/cdn.salla.sa\/yrlRO\/2H546kB3Kd4gvq4OW2RWDinG74ehMefPCit4K3iW.png"",""width"":0,""height"":0},""standard_resolution"":{""url"":""https:\/\/cdn.salla.sa\/yrlRO\/8GCUr2RXS3j8lCGr1Ngz1NOkckUZjPGN8kDKE1Nz.png"",""width"":1000,""height"":1000},""low_resolution"":{""url"":""https:\/\/cdn.salla.sa\/yrlRO\/5BCWgNm6Yo0lKNM0DZkJb93guu14N5lHiJR6Skr0.png"",""width"":500,""height"":500},""thumbnail"":{""url"":""https:\/\/cdn.salla.sa\/yrlRO\/dcPw6MiBB3ww7fWlWW2tlgyk4Tu1mzKGzrZk6KXu.png"",""width"":120.00000000000001,""height"":120.00000000000001}}"
"{""original"":{""url"":""https:\/\/cdn.salla.sa\/yrlRO\/Dt92vppefCGO525TaFuRhGbS4c6LO4JV4xBQMQxG.png"",""width"":0,""height"":0},""standard_resolution"":{""url"":""https:\/\/cdn.salla.sa\/yrlRO\/KJMRZW3D42bDOt6POZPAvsUiA5998Jggr0cyqPSZ.png"",""width"":1000,""height"":1000},""low_resolution"":{""url"":""https:\/\/cdn.salla.sa\/yrlRO\/F5EsFZJCbVoKhpH0gcpdE0swxPcWdr4a6Wx7Kcwv.png"",""width"":500,""height"":500},""thumbnail"":{""url"":""https:\/\/cdn.salla.sa\/yrlRO\/0dGV668aaRR9LHv8bIo5cbHW7Q1pIENaEsyq4LTi.png"",""width"":120,""height"":120}}"
"{""original"":{""url"":""https:\/\/cdn.salla.sa\/yrlRO\/cqg37NbzAl8twiDo6stY5fc0ZgPpgi3uYLowKU7E.png"",""width"":0,""height"":0},""standard_resolution"":{""url"":""https:\/\/cdn.salla.sa\/yrlRO\/llV6nntOGqN5YJeBSTyFUES3MBRL6sdsZqY0wq0C.png"",""width"":1000,""height"":1000},""low_resolution"":{""url"":""https:\/\/cdn.salla.sa\/yrlRO\/sQao36RJLwlwXWvq3Cx1agJ4PKNNPjjH0nPl8xdp.png"",""width"":500,""height"":500},""thumbnail"":{""url"":""https:\/\/cdn.salla.sa\/yrlRO\/ioO3QgpKyR4bh47l4Me93qOvxGXe81AoNOZ4jpGi.png"",""width"":120,""height"":120}}"
"{""original"":{""url"":""https:\/\/cdn.salla.sa\/yrlRO\/97LxxOqcOmK8OHa7q1L6j1dAupeI7ATa8UBMitdQ.jpg"",""width"":0,""height"":0},""standard_resolution"":{""url"":""https:\/\/cdn.salla.sa\/yrlRO\/F6BydaCWDzhWL8aK2Cq74bcj0iQ9uk2Neljw498N.jpg"",""width"":1000,""height"":1000},""low_resolution"":{""url"":""https:\/\/cdn.salla.sa\/yrlRO\/AjkkrZW8CW7oyxQF4bMS3jHJojLOhoRaxbvcAhj4.jpg"",""width"":500,""height"":500},""thumbnail"":{""url"":""https:\/\/cdn.salla.sa\/yrlRO\/EZw88Gv1BworQNOyKEGRWm4znxsp6OU7cNdDO83l.jpg"",""width"":120,""height"":120}}"
"{""original"":{""url"":""https:\/\/cdn.salla.sa\/yrlRO\/Fb2bo5FRNNt3TUVnWSQZ6UuWkRZcT8V5Yb3HPTD5.png"",""width"":0,""height"":0},""standard_resolution"":{""url"":""https:\/\/cdn.salla.sa\/yrlRO\/EWotCyCaXmpmurjEDQIj05kuhn0ccTGlj5ST76j9.png"",""width"":1000,""height"":825.6880733944954},""low_resolution"":{""url"":""https:\/\/cdn.salla.sa\/yrlRO\/4N63hS1hyxcjSt1DbJhUZHynvsVOPerbWR8Y1Ih5.png"",""width"":500,""height"":412.8440366972477},""thumbnail"":{""url"":""https:\/\/cdn.salla.sa\/yrlRO\/E3DYrIW6uqOcQkHsQnUIXgmdyvyu6jtrp1lrIPEM.png"",""width"":120,""height"":99.08256880733946}}"
"{""original"":{""url"":""https:\/\/cdn.salla.sa\/yrlRO\/f6B33aUCeUkinmQ6X83CbrO6DeDkqPWVhfVIVZJM.png"",""width"":0,""height"":0},""standard_resolution"":{""url"":""https:\/\/cdn.salla.sa\/yrlRO\/e9eunfxcdF9idIXTDgNmjwKttORPdjGg75ZMl889.png"",""width"":1000,""height"":825.6880733944954},""low_resolution"":{""url"":""https:\/\/cdn.salla.sa\/yrlRO\/2vHdl1NGsKMLdt38Ul0fmYgH2otg2pd1zdW6KyCw.png"",""width"":500,""height"":412.8440366972477},""thumbnail"":{""url"":""https:\/\/cdn.salla.sa\/yrlRO\/yHp7h8f3RxD5BG4IUDzlyJfVekJAuYJQ31xNWDD9.png"",""width"":120,""height"":99.08256880733946}}"
"{""original"":{""url"":""https:\/\/cdn.salla.sa\/yrlRO\/bGJIAOkhI3lsE0cILMb4kG8xcEdRLnEL0aligf1G.png"",""width"":0,""height"":0},""standard_resolution"":{""url"":""https:\/\/cdn.salla.sa\/yrlRO\/4zzKu2zDCwj9GwtdB2vcW0gf0671FbyvwuAJtRiD.png"",""width"":1000,""height"":825.6880733944954},""low_resolution"":{""url"":""https:\/\/cdn.salla.sa\/yrlRO\/a5NR3AiBvvFzN0xlI2e17f8xAXIAPUgzMggP1mit.png"",""width"":500,""height"":412.8440366972477},""thumbnail"":{""url"":""https:\/\/cdn.salla.sa\/yrlRO\/mWPbHW7PuTDf3xalZC0NrHhxQJ2eAQZby5WIkE6j.png"",""width"":120,""height"":99.08256880733946}}"
"{""original"":{""url"":""https:\/\/cdn.salla.sa\/yrlRO\/DOljuZrbCvmZW1bC9VksT3doiWIw40c9rHkfK5sX.jpg"",""width"":0,""height"":0},""standard_resolution"":{""url"":""https:\/\/cdn.salla.sa\/yrlRO\/zDOdYdhaUjsCpLWZTS3J1dUEDEJfzAyAFztASa1s.jpg"",""width"":1000,""height"":825.6410256410256},""low_resolution"":{""url"":""https:\/\/cdn.salla.sa\/yrlRO\/myxdsZRDfjbeIOiAKBQqAEdgkMPGByaeVVTgdWcc.jpg"",""width"":500,""height"":412.8205128205128},""thumbnail"":{""url"":""https:\/\/cdn.salla.sa\/yrlRO\/Htic0zHRsrqV1MjF3GzZo61Z33hMsfYByLwfqR3X.jpg"",""width"":120,""height"":99.07692307692308}}"
"{""original"":{""url"":""https:\/\/cdn.salla.sa\/yrlRO\/NpiXJmGy1crGt9Gz17OOgld94w5jRnQIrZOVFPty.jpg"",""width"":0,""height"":0},""standard_resolution"":{""url"":""https:\/\/cdn.salla.sa\/yrlRO\/LY3XkhmBr2qaOx8GaKm3DxOs6XE9zyzk509kOsR8.jpg"",""width"":1000,""height"":1000},""low_resolution"":{""url"":""https:\/\/cdn.salla.sa\/yrlRO\/Vin6I7NSax6EZqePkPZMNwefAsjIlgk2UVgLQKVv.jpg"",""width"":500,""height"":500},""thumbnail"":{""url"":""https:\/\/cdn.salla.sa\/yrlRO\/OrtorLK9BJCIjXcqq9jVzTVFGwsmusFDkjNUcNb3.jpg"",""width"":120,""height"":120}}"
"{""original"":{""url"":""https:\/\/cdn.salla.sa\/yrlRO\/gU2EM1X06j1jSGphQgur5GnUw9epMJPpOocf97wd.png"",""width"":0,""height"":0},""standard_resolution"":{""url"":""https:\/\/cdn.salla.sa\/yrlRO\/sDptqVqjRsf3KMXwHCOtrooZMpeO6pxsPzebAY3u.png"",""width"":1000,""height"":1000},""low_resolution"":{""url"":""https:\/\/cdn.salla.sa\/yrlRO\/dIabvdeEmWKosqZ3FeN1OMPtGQPwg26QBbMNWVDD.png"",""width"":500,""height"":500},""thumbnail"":{""url"":""https:\/\/cdn.salla.sa\/yrlRO\/CS3xygYUKmOTJBq2ELUJevUcNgfU3sfNDIro3ju8.png"",""width"":120,""height"":120}}"
"{""original"":{""url"":""https:\/\/cdn.salla.sa\/yrlRO\/5dXX26q1dxpegG55p1msluRdBG55aBpS6tBCOGWK.png"",""width"":0,""height"":0},""standard_resolution"":{""url"":""https:\/\/cdn.salla.sa\/yrlRO\/VrfOZ8m9BkO6wUJc2bHOrBLE6Ult88piyf1JcTCk.png"",""width"":1000,""height"":1000},""low_resolution"":{""url"":""https:\/\/cdn.salla.sa\/yrlRO\/vSGav5N7yjqOKynj8m0XQQOQaoouxZj4DOscchBu.png"",""width"":500,""height"":500},""thumbnail"":{""url"":""https:\/\/cdn.salla.sa\/yrlRO\/mpBS6VOM2DKH3CXRer9CehnKqMnIgPdVzOi6LYT0.png"",""width"":120,""height"":120}}"
"{""original"":{""url"":""https:\/\/cdn.salla.sa\/yrlRO\/BSV3Km7y94FxOOJihokv7WpKcuLQf1GgXShWch3d.png"",""width"":0,""height"":0},""standard_resolution"":{""url"":""https:\/\/cdn.salla.sa\/yrlRO\/HHewsBPzMrA1SkHj32Rmog4xf2DHM3rVBwbECXEC.png"",""width"":1000,""height"":1000},""low_resolution"":{""url"":""https:\/\/cdn.salla.sa\/yrlRO\/M0CLEeIHc48DaLwz28DLEKR5fZQ1yyZqqqngnw73.png"",""width"":500,""height"":500},""thumbnail"":{""url"":""https:\/\/cdn.salla.sa\/yrlRO\/y5bpkGp1BNAtH4GSkWQAiFEULWBfxethxlaoo7XV.png"",""width"":120,""height"":120}}"
"{""original"":{""url"":""https:\/\/cdn.salla.sa\/yrlRO\/X22zZxoFIexaJQUhAZ8Ai5cStQt9XioHnz1lldUS.jpg"",""width"":0,""height"":0},""standard_resolution"":{""url"":""https:\/\/cdn.salla.sa\/yrlRO\/U8WqeuOWQ1RLD40kzPnYyFVmk87atVE0wCyn7DFF.jpg"",""width"":1000,""height"":825},""low_resolution"":{""url"":""https:\/\/cdn.salla.sa\/yrlRO\/6C3t9eDUAUM6AkJ1Fh4t2C0QkIGnZtMsNo7TXJhY.jpg"",""width"":500,""height"":412.5},""thumbnail"":{""url"":""https:\/\/cdn.salla.sa\/yrlRO\/CyfvGTm6IL4EpwmquZHIEeUFrxwylcX1JM8i68oC.jpg"",""width"":120,""height"":99}}"
"{""original"":{""url"":""https:\/\/cdn.salla.sa\/yrlRO\/fksIBykR9eHAvV8qgKj8naM13E7IROYwMoDTUjNm.jpg"",""width"":0,""height"":0},""standard_resolution"":{""url"":""https:\/\/cdn.salla.sa\/yrlRO\/cOnw6s2S4wGmzTcFWKtFkRxoaFgWmyr5lbuCh3RG.jpg"",""width"":1000,""height"":824},""low_resolution"":{""url"":""https:\/\/cdn.salla.sa\/yrlRO\/cQSrnJ84nXBefu5jOqBioWeOcQyXnSQea5OIMlVa.jpg"",""width"":500,""height"":412},""thumbnail"":{""url"":""https:\/\/cdn.salla.sa\/yrlRO\/MepHZjeWccNQyq4ZlW2sOpJFoqsxfMVQqUwzl5Cm.jpg"",""width"":120,""height"":98.88}}"
"{""original"":{""url"":""https:\/\/cdn.salla.sa\/yrlRO\/04Kvfd0SewkYEKkUjJB2fEldNUl3t7oziBlXVvIT.jpg"",""width"":0,""height"":0},""standard_resolution"":{""url"":""https:\/\/cdn.salla.sa\/yrlRO\/XM0hGNf2mSnXXIHUSt4r585fP3npTBvJIGCU62FF.jpg"",""width"":1000,""height"":825},""low_resolution"":{""url"":""https:\/\/cdn.salla.sa\/yrlRO\/ApSwzvkTYg4Gb5TXY9P0pBxGaMgyO5vofPDYaXWz.jpg"",""width"":500,""height"":412.5},""thumbnail"":{""url"":""https:\/\/cdn.salla.sa\/yrlRO\/Xh5KmlpUKqn8tQGdxf03LkXOZYB1yLFnshEIzn1Y.jpg"",""width"":120,""height"":99}}"
"{""original"":{""url"":""https:\/\/cdn.salla.sa\/yrlRO\/Jvyc32TsgHvFLgkb3KEtAot8UJ3nCcBtCZHZIEaC.png"",""width"":0,""height"":0},""standard_resolution"":{""url"":""https:\/\/cdn.salla.sa\/yrlRO\/nWzFzw0Zq2i7XU6jaOyTAF5Ff8ffp0LKlpwTFiFx.png"",""width"":1000,""height"":825},""low_resolution"":{""url"":""https:\/\/cdn.salla.sa\/yrlRO\/P2yxRCcjOb8B4ykAohVlmOZNd4gbMzfJ2mChTOb2.png"",""width"":500,""height"":412.5},""thumbnail"":{""url"":""https:\/\/cdn.salla.sa\/yrlRO\/PUvizZ3neL6IWud8UCPJLQfKSGhVGmLllaqjZG91.png"",""width"":120,""height"":99}}"
"{""original"":{""url"":""https:\/\/cdn.salla.sa\/yrlRO\/7o7aoGE3fILkOyH6aIwkiFunfIY75FH461Y1saFn.png"",""width"":0,""height"":0},""standard_resolution"":{""url"":""https:\/\/cdn.salla.sa\/yrlRO\/7gVjNGw7ecKHS1q8hVEkBkvDbJHJNCkUl9wC2zuG.png"",""width"":1000,""height"":825},""low_resolution"":{""url"":""https:\/\/cdn.salla.sa\/yrlRO\/MtxtdPZibSP92hsM9a7HUDgH0mCPYLr8EkZhvTX9.png"",""width"":500,""height"":412.5},""thumbnail"":{""url"":""https:\/\/cdn.salla.sa\/yrlRO\/vPZq775ygUzZSiheKYzj5ESUuQCDvqW8kfd4XGqj.png"",""width"":120,""height"":99}}"
"{""original"":{""url"":""https:\/\/cdn.salla.sa\/yrlRO\/UytiGwM93sNSev25PiEjo3ZtI6uJ4ZAimcw5Y3Kk.png"",""width"":0,""height"":0},""standard_resolution"":{""url"":""https:\/\/cdn.salla.sa\/yrlRO\/JRzRP49U1shtYtKpKLfuB1C3K00Uk6aGL1YXOvx5.png"",""width"":1000,""height"":825},""low_resolution"":{""url"":""https:\/\/cdn.salla.sa\/yrlRO\/ONVs1cMNWHcpljWufiyk30d6bqqT20ijgR8WKnRv.png"",""width"":500,""height"":412.5},""thumbnail"":{""url"":""https:\/\/cdn.salla.sa\/yrlRO\/YeAFegJpW8r7TCIGkWsGA7Q5d2SvblTe7ILqIW8v.png"",""width"":120,""height"":99}}"
"{""original"":{""url"":""https:\/\/cdn.salla.sa\/yrlRO\/n1ePTpWnwsrUtgdXQ5LWONhdQLEk1gqZB19Wvsw2.png"",""width"":0,""height"":0},""standard_resolution"":{""url"":""https:\/\/cdn.salla.sa\/yrlRO\/qbAviiki4B19FlrLZXbJPNw63wWIeUabTpkqAzQM.png"",""width"":1000,""height"":825},""low_resolution"":{""url"":""https:\/\/cdn.salla.sa\/yrlRO\/Usr33kebfPtykK75a8aTU3uVE9QjukUTvRaTIWma.png"",""width"":500,""height"":412.5},""thumbnail"":{""url"":""https:\/\/cdn.salla.sa\/yrlRO\/Lw3oPQ7MUbZzspm18KUZrqdk2tGLpEaOsbnWAi1K.png"",""width"":120,""height"":99}}"
"{""original"":{""url"":""https:\/\/cdn.salla.sa\/yrlRO\/CUtCj0RfDPJCLwN8cKqnvgXFIMIBdWr4FqNUU8SV.png"",""width"":0,""height"":0},""standard_resolution"":{""url"":""https:\/\/cdn.salla.sa\/yrlRO\/eTTAgo2DotYQSC02hJQNlI2mPADzP7i5OocDneeI.png"",""width"":1000,""height"":825},""low_resolution"":{""url"":""https:\/\/cdn.salla.sa\/yrlRO\/G5N1ZUbULogbebAaVb8pGbwebhqqZ8sfwpDFOi6k.png"",""width"":500,""height"":412.5},""thumbnail"":{""url"":""https:\/\/cdn.salla.sa\/yrlRO\/PZZi0htapXGzagdQss2puZhhWVzLJ9KEVXuO27N1.png"",""width"":120,""height"":99}}"
"{""original"":{""url"":""https:\/\/cdn.salla.sa\/yrlRO\/blTl8dVvzXKuEtBg1XOjyq8GQeN7d2G9Rx20rULt.jpg"",""width"":0,""height"":0},""standard_resolution"":{""url"":""https:\/\/cdn.salla.sa\/yrlRO\/LcIYmRtREgLIdatbQuefDWLGOPQsBMLq5RtBciVF.jpg"",""width"":666.6666666666666,""height"":1000},""low_resolution"":{""url"":""https:\/\/cdn.salla.sa\/yrlRO\/cxv1Vt7viPNrjkpL0HLjdOX3hhG6ozWDv1WsxoTI.jpg"",""width"":333.3333333333333,""height"":500},""thumbnail"":{""url"":""https:\/\/cdn.salla.sa\/yrlRO\/dtTX8ZeB2Jl4OVam8rzWEY3NvZnskUnNqxvKlCpC.jpg"",""width"":80,""height"":120}}"
"{""original"":{""url"":""https:\/\/cdn.salla.sa\/yrlRO\/E7RHU6FDBTjV4AmtBFI8Z9pqpPIe5kpcui8zqf0l.jpg"",""width"":0,""height"":0},""standard_resolution"":{""url"":""https:\/\/cdn.salla.sa\/yrlRO\/5D80eHJpxSqULXWwwt9MAfF5iqMxWrau1CXeUuSX.jpg"",""width"":666.6666666666666,""height"":1000},""low_resolution"":{""url"":""https:\/\/cdn.salla.sa\/yrlRO\/pI9wdyWdV8rArsxh4lGD7jxgGKOI4GzWFz3lD8Ii.jpg"",""width"":333.3333333333333,""height"":500},""thumbnail"":{""url"":""https:\/\/cdn.salla.sa\/yrlRO\/RYCp0CBSHIvdZDQtzcmjb9AbMf10cCCHeel0tOXr.jpg"",""width"":80,""height"":120}}"
